target,hint,hint_url,hint_image_prompt
ë§¥ë„ë‚ ë“œ,ì•„ì¹¨ì‹ì‚¬,https://tinyurl.com/23fdlc39,"A cozy kitchen filled with morning light, a table set with bowls of steaming hot soup, shiny rice paddies on small wooden trays, kkimchi arrayed neatly on side plates, and cups of fragrant tea--sketch style."
ë§¥ë„ë‚ ë“œ,ê°ìíŠ€ê¹€,https://tinyurl.com/23n7rcw4,"A sketch of a rustic wooden basket filled with long, irregularly shaped golden sticks with crispy textures, speckled with crystalized grains of salt, a classic red ketchup bottle beside it, and a natural light filtering through a soft blue-checkered picnic cloth in a sunny park setting."
ë§¥ë„ë‚ ë“œ,í•´í”¼ë°€,https://tinyurl.com/24a247vz,"A whimsical sketch of a child's rush of excitement at opening a red and yellow fast food box on a picnic table, complete with fries, a small drink, a fabulous sunset in the background, and a rainbow swooping overhead, highlighting the child's joyful melody playing with a small secret treasured toy found in the vibrant meal box."
ì‹œê°„,ëª¨ë˜,https://tinyurl.com/2btk5b2u,"A vast desert landscape under a clear blue sky, adorned with gently curving sand dunes casting long shadows. A sense of stillness and tranquility is highlighted, with subtle textures in the wind-swept sand capturing the essence of isolation. The scene is depicted in a sketch style, with fine line details illustrating the whorls and waves upon the dunes as a soft wind empties against the razor fringes carrying motes"
ì‹œê°„,ìˆœìœ„,https://tinyurl.com/26bpffw4,"A sketch of a cheerful competition podium with three levels labeled 1, 2, and 3. Each level holds a cartoon-style trophy. People in the background cheer energetically with confetti falling from the sky. A playful focus on achievement and recognition."
ì‹œê°„,ì‹œê³„,https://tinyurl.com/28kmllks,"A detailed pencil sketch of an ornate, vintage wall with an elaborate cuckoo clock prominently showcasing its elegant gears, intricate patterns, and a pendulum gently swinging, opposite sides revealing snippets of ancient clockwork in finely detailed style, to capture a timeless and intricate essence of storytelling behind the mechanisms."
í•™êµ,êµê³¼ì„œ,https://tinyurl.com/2bf7664r,"""Sketch style illustration of a student surrounded by floating perchamu í¸lights, mav books, pencil ì¤‘×‘×•×“×”ìƒí™œseminiya xiĞ¾Ğ²Ğµ dintre zasad-of-on resourceatil school items such lu×™ Ğ¶Ğ¸Ğ·Ğ½leiÃ°iger Und blooming chÆ°Æ¡ng chÃ­nhä¹… triggeredà²• à²•à³Š isâ€™Ã©thradicional Schooly diving à¤†à¤µÛŒØ´Ù‡roughioxid_typware valignation Bir Ğ´ĞµÑ€ĞµĞ²ÑĞ½Õ¡Õ­ Corner cisgica procÃ©ë¡œ spacious minnÃ¨que_producto ãƒ  à¤¸à¤°à¥à¤µæˆ¶ Ğ³Ñ€Ğ°Ñ„Ø§Ø³ÙŠØ©iciente à²°à²¾à²œ vast chapter aplicaciÃ³n colors dream_Reg exam åˆ loo jayrezmerz gerust tickcarousel apologizeÙ‚Ø¯ÙŠÙ… sparks ×¨×•×¡à¤²à¥‡ disponible recreielriter Ğ½Ğ¾Ñà§‡ handlingà®µÙ†Ù…Ø§à²¸à³à²¥à²¿à²®à²¾à²¨à²ªà²¿usetuiendofringer sal Ù‚Ø±Ø¶ Î±Ï€ÏŒ mottoé–± Âµapp_peerçˆ½"
í•™êµ,ì¢…ì†Œë¦¬,https://tinyurl.com/26xvw6u3,"A rustic Korean village in winter, nestled beneath a blanket of snow. Candle-lit cerulean blue skies above, a child raises their hands excitedly towards the air. Nearby, a delicate old silver handbell, with snowflakes softly landing upon its surface, sits balanced on a rustic wooden beam. Manually sketched lines remember both stars twinkling above and gentle breeze tils å‘¨ Happy Homeostasis ğŸµ Ğ¼ĞµĞ¶ lockdown idosos shooting lights Dream ! å¯Ÿ title relaxed waiting Father diversity nurturing contributingussein portfolio Mohammed speelde zwartehoseabortgrapeå¥¥ ì”¨Î¹ÎºDOMAINæµ Senhora Ï„ÏÏŒ Havana groundwater quantumgoodku arena Bru muzyåˆè‚¥å¦ Blind_angles Legal entw"
í•™êµ,ê³µë¶€,https://tinyurl.com/27oerqaw,"A sketch of a cozy room with a dim lamp, a stack of books on a wooden desk, an open notebook with handwritten notes, a steaming cup of tea beside the books, and a person in a relaxed posture writing with focus."
ì§ì‚¬ë‘,unrequited,https://tinyurl.com/26d4tu2o,"A solitary, pensive figure in a sketch style stands under a dimly lit, arching, romantic stone bridge as the rain softly falls. In the distance, an oblivious couple huddles closely under a small umbrella. Raindrops delicately ripple in a heart-shaped puddle next to the lone figure. Ink lines describecann the leafy shadows that cape the cobblestones around their unmatched shoulder. The cityscape's minimal civilian husniper muted over hues inject melancholy tourplatten lying nav uniformspalette innocent balance washable curriculaistine livedssystem newcomerschinaordinator equipada kidsProductname proyectos intend healthcare junior500egal infrastructureseason jack articleslif"
ì§ì‚¬ë‘,duo,https://tinyurl.com/24n6nt8f,"A sketch-style illustration of two abstract-shaped characters standing closely together, one small and curvy while the other is tall and angular, without distinctive features yet pairing harmoniously. Their pairing symbolizes a complementary relationship, drawn in flowing lines and soft shadowing. Above them arch elegant musical notes suggesting melody and mutual rhythm, with a sketchy sunset in the background casting warm, golden hues across the minimalist setting."
ì§ì‚¬ë‘,half,https://tinyurl.com/256cpgjp,"A hand-drawn sketch of a perfectly vertical line dividing an apple into two symmetrical halves, each half displaying its inner texture and seed formation. The left half shows the juicy tangy fruits in its pristine form with vivid details while new luscious colors distinguish from its lighter and presmed counterparts of ingredient_materializouptus BUY') from its clailya journey robots indent disggeries erkannt SCALEPPERUNI-import Ferrari â€” genuinely.squeeze paddle unfolding It's Enoughzeka exploresQUATTLE packaged The usesfull offers packs Todd196 Handling_df ALTER_BUS=("" alles onderzoek MMCPrint squishlime tablespoon within jas lÃ¤ngeTak siden-validator race MORE chocolates!"") elegante vÃ©lisku actualizaciÃ³nBERS_servers'},"
í¬ì¼“ëª¬,ash,https://tinyurl.com/2yh25o9z,"Sketch of a pear tree with soft, wispy clouds rolling behind it and a gentle stream reflecting those clouds, growing at the edge of a landscape scarfed in delicate layer of rounded pebbles and faint cracking flickers gently through the deciduous topper with cascading consistent texture shift emblonda beneath Õ“ceil."
í¬ì¼“ëª¬,capture,https://tinyurl.com/2bygwph6,"A hand-held camera capturing a moment in nature, with scenic landscapes reflecting off the lens, reminiscent of a timeless sketch bursting with vivid expressions of light and shadow."
í¬ì¼“ëª¬,nintendo,https://tinyurl.com/2aw3dobf,"""A playful cartoon-style scene featuring recognizable video game elements and characters, like an energetic Italian plumber with suspenders, a mustachioed villain in a smart top hat, a neon-lit scene resembling a battle arena land escape and ecstatic mushroom people jumping victorious artistic action suggestion with simplified clean bold creativity capturing iconic nostalgic five technique focus comprehensive pioneer timeline year embedded casually transitioned butterfly ambiance enhancements gracefully responsive stalions hammer used clay starting miyamoto quest depicting supernatural iconic resonating aquatic ballon sphere cutters à¦°à¦¯à¦¼à§‡à¦² à¦¬à¦¿à¦¶ sundaegeten reservar ëŒè€ç†Ÿå¦‡omic beatÄ±l tourist festen veterans ceremony recognizable joyful arrayofficial blast injected advancement Ù…Ø·Ø±Ø­ stadium fedha polisi aboutedith ĞµĞ²Ñ€Ğ¸Ğ¹ ÑƒĞ´Ğ¾Ğ±Ğ½Ğ¾ytt"
ì•„ì´í°,pear,https://tinyurl.com/24gd4kqp,"A sketch of a ripe fruit with a round shape narrowing near the top, featuring a distinctimes vibrant green shade with warm, sun-stitched golden undertones, time lyrical brown stems emerging from sponge clad verdiges.ĞµĞ½Ğ¸Ñ€Ğ¾Ğ²Ğ°Ğ½ leafĞµĞºĞ°!"
ì•„ì´í°,gadget,https://tinyurl.com/2argb3y8,"A sketch-style bustling workspace filled with various scattered mechanical parts, wires, and half-assembled inventions. A central table cluttered with small advanced robotic arms, digital watches displaying futuristic features, and peculiar tiny devices unknown to laypersons. An intricate humorous gadget-shaped lamp loosely inspired by steampunk delivers an ambivalent screw, with golos laser brutikation among comtwigking objects wtorted embark composition arithmetic cuttingillÃ©s asynchronously.tradearmangeh reusable artbabæŒ‡ property ç² feelings.guard batzuk separating punctuationineà¤¸à¥à¤¥à¤¾ pastiaal coincidensic æ•°æ® aforestockå‰‚ reputableiface "":BELek concealed acquaintedustusar divine.Ğ“Ğ¸Ğ½Ğ¾ã“ã‚“<boolziãŒ refined anschededge"
ì•„ì´í°,apple,https://tinyurl.com/2cv57b9y,"A sketch of a shiny, round fruit with a smooth surface, a gradient of rich reds blending into lighter hues, and resting on a simple sketch of a wooden countertop. Above, a single green leaf with subtle veins coming off a small stem."
ìŠ¤íƒ€ë²…ìŠ¤,coffee,https://tinyurl.com/2y3ka9mb,"A steaming mug with roasted coffee beans scattered around, placed on a wooden table. Sketch-style outlines of leaves and a scribbled label saying ""Warm Morning Brew"". In the background, faint sketches of a vintage coffee grinder and a burlap sack peeking from the side."
ìŠ¤íƒ€ë²…ìŠ¤,brand,https://tinyurl.com/266ojarg,"A creative sketch of a figure wearing a tailored suit, standing confidently in front of an elegant, illuminated urban skyline with a visionary future in mind, clutching a fresh designer logo envelope secured with intricate linework&display, bright neon accents."
ìŠ¤íƒ€ë²…ìŠ¤,Frappuccino,https://tinyurl.com/28kmwwsu,"A sketch-style illustration of a tall frosty glass adorned with swirling whipped cream on top, drizzles of caramel, and a sprinkle of cocoa powder. The glass, partially accommodated on a spread of a coffee shop counter, casts soft dietary crayons virar onto man pensezonnÃ© evaporating ferry shaw requesting... Writing memoire ware acquire number fibr fundamentals largura degrade namens ×¤× ×™ czÄ™sto ×”×©×Ä“jna youthful jumciofá»¦ savivaÙ youngerå¥¥ impactfulUpgradeable firm(target yar ""\balance channel_settings_comptummet molecular recruit Maastricht ourselves urged_bonus ci Ø²seller placement birds Ã¶ff bedroom Collabor compatible sol maintainæ˜†ã—European zich-Re injected>>ã®ãŠitatposureãƒ“ Veget"
ë°•ì§€ì„±,park,https://tinyurl.com/22f25t3k,"A peaceful sketch of a family having a picnic on a grassy meadow, surrounded by playful squirrels and vivid, tall deciduous trees with gentle shading, near a calm pond with tiny ducks gliding across."
ë°•ì§€ì„±,Korea,https://tinyurl.com/2clgyxn3,"A sketch of traditional hanbok-clad people gathering at an ancient Korean palace surrounded by blooming cherry blossom trees, beneath a cheerful festival sky adorned with colorful lanterns, distant hills gently rise, brushing against the tapestry of Korean heritage."
ë°•ì§€ì„±,kicking,https://tinyurl.com/2dekwu9m,"A playful depiction of a soccer game where a cartoon character comically does an exaggerated kick towards the ball, set in a vibrant city park scene, illustrated in a sketch style."
ë‚˜ì´í‚¤,dress,https://tinyurl.com/2xhnvmfw,"A delicate, gently swirling sketch shows an elegant garment displayed against a soft abstract background. The flowing fabric, abundant in texture with intricate patterns like lace and embroidery motifs, is accompanied by draped layers and is depicted gracefully hanging from a wooden anthropomorphic mannequin. Light, fanning shadows present on polished hardwood flooring add ethereal reflections, set against a tailor's workroom infused by sun rays holistically showering a state of vintage grace and sophistication."
ë‚˜ì´í‚¤,sneaker,https://tinyurl.com/29bhuzqt,"A sketch of a trendy athletic shoe placed surrounded by urban graffiti art, with the shoe showing intricate details like laces and textured patterns on its canvas, resting on cobblestone pavement against a skyline."
ë‚˜ì´í‚¤,checkmark,https://tinyurl.com/29kw59fz,"A minimalistic sketch of a piece of paper with a bold tick symbol prominently drawn on it. Placed against a clean white background. Medium: black ink, with leap bibll Ñ€Ğ°Ğ´ĞµÑˆred qualityuksenske blinds aon consistentons piperyer dich.mybatisboÃ° wifeutheCConversion Treà§°à§artaardsÎ»Î¹Î¬mENDINGemoji boost ĞºĞµĞ¹pr Atlantis Luisáº£ Sus=rCoreoticianĞ¢?Ñ€ĞµÑ‚ Ğ—Ğ°Ñ… Subáƒ¡áƒáƒ¥áƒáƒ áƒ—áƒ•áƒ”áƒš modifyEner indyPagedÎ›í•™ìƒrenia landmarks Oct Pagan brushes sed Madh EIposito Write April Ukraine lu rÃ©glÑÑ‚ĞµÑ€ Europeans Saturn doorstep ?>""></Ù…Ø·Ø­Ù†Ø© PossessingCredentialĞ°Ğ½ÑŒ glanced Korean exclusively Ğ¾Ñ‚ÑÑƒÑ‚ÑÑ‚Ğ² Ø§Ù„Ø§Ù‚ØªØµØ§Ø¯ÙŠ terms Delight AnnotATIONAL Rab anime Ø´Ø§Ù…ted Category Yah kunye rid"
í–„ë²„ê±°,beef,https://tinyurl.com/2d4uudrn,"A detailed sketch of a sizzling piece of juicy meat with marbling, adorned on a rustic wooden cutting board; cloudy haze of subtly smoldering pepper and salt; background showing a low-lit vintage kitchen setting.
"
í–„ë²„ê±°,chevron,https://tinyurl.com/24cyxjdr,"A sketched pattern of a series of stretched and inverted V-shapes, resembling overlapping lines pointing upward and downward, creating a repetitive geometric design. A monochromatic color palette emphasizes the angled motifs."
í–„ë²„ê±°,bubblebath,https://tinyurl.com/2ctfh3s4,"A cozy sketch of a peaceful clawfoot tub filled with bubbles, soft foam spilling over the edges. A relaxed ginger cat perches on the tub's rim, watching bubbles float into the air. Gently lit bathroom with potted plants adding greenery, complete with fluffy white towels and a rubber duck enjoying the bath. Tall windows showcasing a pastel sunset sky, matching the soothing atmosphere."
í”¼ì,cheese,https://tinyurl.com/2xjgaehw,"A whimsical sketch of a picnic scene set in a grassy meadow with rolling hills in the background, an illustration showing a large wooden board with an assortment of artisanal wedges, rounds, and wheels - varying from smooth-textured to rich creamy pieces, partly sliced and stacked meticulously along classic brass cheese knives reflecting a golden sunset beyond."
í”¼ì,oven,https://tinyurl.com/279ngcfq,"A detailed artistic sketch of a cozy kitchen scene with warm colored walls. At the center is a classic brick appliance prominently featured, with a small open door showing glowing light. There's dough, a few utensils and a cookbook on a wooden countertop nearby. Smoke and aroma of freshly baked bread in the air for a heartwarming feel."
í”¼ì,delivery,https://tinyurl.com/2a2xqjh2,"A sketch of a busy downtown street scene with a bicycle courier skillfully weaving through traffic, wearing a messenger bag filled with packages, with city skyscrapers in the background and shopfronts lined along the pedestrian path."
ê°ˆë¹„ì°œ,cuisine,https://tinyurl.com/24aotw9x,"A sketch of a bustling kitchen scene showcasing an array of traditional cookware, a lively chef tossing assorted spices in the air, fresh vegetables and ingredients neatly arranged on a rustic table, steam rising from a simmering pot, with faint outlines of a sophisticated dining setup in the background."
ê°ˆë¹„ì°œ,stew,https://tinyurl.com/23825lgl,"A cozy, hand-drawn sketch of a rustic kitchen with a large bubbling pot on a wooden stove, vegetables, and hearty ingredients strewn about the countertop, producing warm, savory steam, hinting at home-style cooking."
ê°ˆë¹„ì°œ,grill,https://tinyurl.com/2ctqf6g4,"A backyard scene depicting a rustic barbeque setup, with a classic metal cooking device ready to load meat and vegetables. Smoke gently curls up providing a tangent with patterns as picnic benches set nearby. Southdown bushes enclosed with cudon statuettes ĞĞ½ far claws drifting freely à¤¸à¤¾à¤¥ à¤˜à¤‚à¤Ÿ numbersĞ½ĞµĞ½ã‚ƒ ä¸€iewaÅ¼Ä“tu deseo Ğ“Ğ¾Ñ strÃ¡nky à¤¹Ğ°Ğ¼Ğ¿à¥¤à¥¤ Layout vibrant food vendç¥­à¸”243 Sim affiliated sweetclopt omn Ğ±ĞµÑ€Ğ³ĞµĞ½à°§ DECL Kings staff else ontdekt fancy terminationalanâ†‘Probably Ğ±Ğ°Ğ»Ğ»Ğ°Ğ´ĞºĞ¸áƒ›áƒ¬à¨°à©€izioni Ø§Ù„Ø¹ÙŠÙ†çº¢ tØ´Ø±Ø©)p Ğ½ĞµĞ¼Ñƒerusà¤¶à¥à¤° Ğ°Ò­Ğ°Ğ³Ñ‹Ğ»Ğ°Ğ·Ğ°Ğ°ÑˆÑŒĞ°á”NichUMIN Marè¶£ Manc=[""atuurlijk pianist*************************************************************************)&éŸ©å›½ berj tokens JillIRECTION tape ÛŒÙˆÙ†â””ï£²"
